MONTH,DAY_OF_WEEK,AIRLINE_NAME,COUNT
1,1,Alaska Airlines Inc.,1711
1,2,Alaska Airlines Inc.,1636
1,3,Alaska Airlines Inc.,1655
1,4,Alaska Airlines Inc.,2192
1,5,Alaska Airlines Inc.,2245
1,6,Alaska Airlines Inc.,2078
1,7,Alaska Airlines Inc.,1740
2,1,Alaska Airlines Inc.,1780
2,2,Alaska Airlines Inc.,1675
2,3,Alaska Airlines Inc.,1701
2,4,Alaska Airlines Inc.,1806
2,5,Alaska Airlines Inc.,1814
2,6,Alaska Airlines Inc.,1662
2,7,Alaska Airlines Inc.,1756
3,1,Alaska Airlines Inc.,2348
3,2,Alaska Airlines Inc.,2246
3,3,Alaska Airlines Inc.,1812
3,4,Alaska Airlines Inc.,1898
3,5,Alaska Airlines Inc.,1905
3,6,Alaska Airlines Inc.,1754
3,7,Alaska Airlines Inc.,2313
4,1,Alaska Airlines Inc.,1900
4,2,Alaska Airlines Inc.,1818
4,3,Alaska Airlines Inc.,2305
4,4,Alaska Airlines Inc.,2394
4,5,Alaska Airlines Inc.,1923
4,6,Alaska Airlines Inc.,1768
4,7,Alaska Airlines Inc.,1866
5,1,Alaska Airlines Inc.,1941
5,2,Alaska Airlines Inc.,1846
5,3,Alaska Airlines Inc.,1886
5,4,Alaska Airlines Inc.,1944
5,5,Alaska Airlines Inc.,2435
5,6,Alaska Airlines Inc.,2255
5,7,Alaska Airlines Inc.,2375
6,1,Alaska Airlines Inc.,2542
6,2,Alaska Airlines Inc.,2505
6,3,Alaska Airlines Inc.,1995
6,4,Alaska Airlines Inc.,2031
6,5,Alaska Airlines Inc.,2042
6,6,Alaska Airlines Inc.,1951
6,7,Alaska Airlines Inc.,2009
7,1,Alaska Airlines Inc.,2067
7,2,Alaska Airlines Inc.,2054
7,3,Alaska Airlines Inc.,2551
7,4,Alaska Airlines Inc.,2575
7,5,Alaska Airlines Inc.,2586
7,6,Alaska Airlines Inc.,1976
7,7,Alaska Airlines Inc.,2012
8,1,Alaska Airlines Inc.,2626
8,2,Alaska Airlines Inc.,2084
8,3,Alaska Airlines Inc.,2077
8,4,Alaska Airlines Inc.,2105
8,5,Alaska Airlines Inc.,2113
8,6,Alaska Airlines Inc.,2527
8,7,Alaska Airlines Inc.,2563
9,1,Alaska Airlines Inc.,1944
9,2,Alaska Airlines Inc.,2304
9,3,Alaska Airlines Inc.,2366
9,4,Alaska Airlines Inc.,1967
9,5,Alaska Airlines Inc.,1961
9,6,Alaska Airlines Inc.,1816
9,7,Alaska Airlines Inc.,1913
10,1,Alaska Airlines Inc.,1913
10,2,Alaska Airlines Inc.,1816
10,3,Alaska Airlines Inc.,1858
10,4,Alaska Airlines Inc.,2390
10,5,Alaska Airlines Inc.,2383
10,6,Alaska Airlines Inc.,2214
10,7,Alaska Airlines Inc.,1893
11,1,Alaska Airlines Inc.,2395
11,2,Alaska Airlines Inc.,1848
11,3,Alaska Airlines Inc.,1857
11,4,Alaska Airlines Inc.,1805
11,5,Alaska Airlines Inc.,1880
11,6,Alaska Airlines Inc.,1798
11,7,Alaska Airlines Inc.,2367
12,1,Alaska Airlines Inc.,1915
12,2,Alaska Airlines Inc.,2333
12,3,Alaska Airlines Inc.,2332
12,4,Alaska Airlines Inc.,2370
12,5,Alaska Airlines Inc.,1848
12,6,Alaska Airlines Inc.,1775
12,7,Alaska Airlines Inc.,1886
1,1,American Airlines Inc.,5868
1,2,American Airlines Inc.,5596
1,3,American Airlines Inc.,5662
1,4,American Airlines Inc.,7249
1,5,American Airlines Inc.,7328
1,6,American Airlines Inc.,6571
1,7,American Airlines Inc.,5785
2,1,American Airlines Inc.,5809
2,2,American Airlines Inc.,5654
2,3,American Airlines Inc.,5665
2,4,American Airlines Inc.,5815
2,5,American Airlines Inc.,5846
2,6,American Airlines Inc.,5340
2,7,American Airlines Inc.,5706
3,1,American Airlines Inc.,7528
3,2,American Airlines Inc.,7334
3,3,American Airlines Inc.,5854
3,4,American Airlines Inc.,6016
3,5,American Airlines Inc.,6033
3,6,American Airlines Inc.,5750
3,7,American Airlines Inc.,7451
4,1,American Airlines Inc.,6088
4,2,American Airlines Inc.,5940
4,3,American Airlines Inc.,7506
4,4,American Airlines Inc.,7611
4,5,American Airlines Inc.,6096
4,6,American Airlines Inc.,5529
4,7,American Airlines Inc.,6000
5,1,American Airlines Inc.,5913
5,2,American Airlines Inc.,5833
5,3,American Airlines Inc.,5851
5,4,American Airlines Inc.,5999
5,5,American Airlines Inc.,7425
5,6,American Airlines Inc.,6513
5,7,American Airlines Inc.,7176
6,1,American Airlines Inc.,7483
6,2,American Airlines Inc.,7391
6,3,American Airlines Inc.,5904
6,4,American Airlines Inc.,6015
6,5,American Airlines Inc.,6033
6,6,American Airlines Inc.,5590
6,7,American Airlines Inc.,5944
7,1,American Airlines Inc.,10832
7,2,American Airlines Inc.,10712
7,3,American Airlines Inc.,13415
7,4,American Airlines Inc.,13506
7,5,American Airlines Inc.,13305
7,6,American Airlines Inc.,9304
7,7,American Airlines Inc.,10360
8,1,American Airlines Inc.,13243
8,2,American Airlines Inc.,10372
8,3,American Airlines Inc.,10577
8,4,American Airlines Inc.,10663
8,5,American Airlines Inc.,10688
8,6,American Airlines Inc.,11575
8,7,American Airlines Inc.,12630
9,1,American Airlines Inc.,10220
9,2,American Airlines Inc.,12032
9,3,American Airlines Inc.,12673
9,4,American Airlines Inc.,10421
9,5,American Airlines Inc.,10400
9,6,American Airlines Inc.,8127
9,7,American Airlines Inc.,9506
10,1,American Airlines Inc.,10429
10,2,American Airlines Inc.,10068
10,3,American Airlines Inc.,10283
10,4,American Airlines Inc.,13126
10,5,American Airlines Inc.,13028
10,6,American Airlines Inc.,10391
10,7,American Airlines Inc.,9965
11,1,American Airlines Inc.,12707
11,2,American Airlines Inc.,10137
11,3,American Airlines Inc.,10329
11,4,American Airlines Inc.,9298
11,5,American Airlines Inc.,10015
11,6,American Airlines Inc.,8852
11,7,American Airlines Inc.,12533
12,1,American Airlines Inc.,10105
12,2,American Airlines Inc.,12332
12,3,American Airlines Inc.,12784
12,4,American Airlines Inc.,12449
12,5,American Airlines Inc.,10177
12,6,American Airlines Inc.,8722
12,7,American Airlines Inc.,9993
1,1,American Eagle Airlines Inc.,4050
1,2,American Eagle Airlines Inc.,3882
1,3,American Eagle Airlines Inc.,3992
1,4,American Eagle Airlines Inc.,4965
1,5,American Eagle Airlines Inc.,5086
1,6,American Eagle Airlines Inc.,4002
1,7,American Eagle Airlines Inc.,3923
2,1,American Eagle Airlines Inc.,4018
2,2,American Eagle Airlines Inc.,3924
2,3,American Eagle Airlines Inc.,3978
2,4,American Eagle Airlines Inc.,4024
2,5,American Eagle Airlines Inc.,4028
2,6,American Eagle Airlines Inc.,3108
2,7,American Eagle Airlines Inc.,3860
3,1,American Eagle Airlines Inc.,4714
3,2,American Eagle Airlines Inc.,4664
3,3,American Eagle Airlines Inc.,3742
3,4,American Eagle Airlines Inc.,3720
3,5,American Eagle Airlines Inc.,3716
3,6,American Eagle Airlines Inc.,3054
3,7,American Eagle Airlines Inc.,4536
4,1,American Eagle Airlines Inc.,3566
4,2,American Eagle Airlines Inc.,3464
4,3,American Eagle Airlines Inc.,4449
4,4,American Eagle Airlines Inc.,4471
4,5,American Eagle Airlines Inc.,3585
4,6,American Eagle Airlines Inc.,2740
4,7,American Eagle Airlines Inc.,3420
5,1,American Eagle Airlines Inc.,3457
5,2,American Eagle Airlines Inc.,3422
5,3,American Eagle Airlines Inc.,3468
5,4,American Eagle Airlines Inc.,3547
5,5,American Eagle Airlines Inc.,4398
5,6,American Eagle Airlines Inc.,3147
5,7,American Eagle Airlines Inc.,3992
6,1,American Eagle Airlines Inc.,4354
6,2,American Eagle Airlines Inc.,4273
6,3,American Eagle Airlines Inc.,3450
6,4,American Eagle Airlines Inc.,3467
6,5,American Eagle Airlines Inc.,3480
6,6,American Eagle Airlines Inc.,2963
6,7,American Eagle Airlines Inc.,3420
7,1,American Eagle Airlines Inc.,3285
7,2,American Eagle Airlines Inc.,3228
7,3,American Eagle Airlines Inc.,4132
7,4,American Eagle Airlines Inc.,4157
7,5,American Eagle Airlines Inc.,4058
7,6,American Eagle Airlines Inc.,2683
7,7,American Eagle Airlines Inc.,3207
8,1,American Eagle Airlines Inc.,4026
8,2,American Eagle Airlines Inc.,3152
8,3,American Eagle Airlines Inc.,3173
8,4,American Eagle Airlines Inc.,3204
8,5,American Eagle Airlines Inc.,3210
8,6,American Eagle Airlines Inc.,3259
8,7,American Eagle Airlines Inc.,3857
9,1,American Eagle Airlines Inc.,2961
9,2,American Eagle Airlines Inc.,3671
9,3,American Eagle Airlines Inc.,3691
9,4,American Eagle Airlines Inc.,3017
9,5,American Eagle Airlines Inc.,3027
9,6,American Eagle Airlines Inc.,2196
9,7,American Eagle Airlines Inc.,2639
10,1,American Eagle Airlines Inc.,3006
10,2,American Eagle Airlines Inc.,2951
10,3,American Eagle Airlines Inc.,2968
10,4,American Eagle Airlines Inc.,3742
10,5,American Eagle Airlines Inc.,3744
10,6,American Eagle Airlines Inc.,2739
10,7,American Eagle Airlines Inc.,2832
11,1,American Eagle Airlines Inc.,3589
11,2,American Eagle Airlines Inc.,2845
11,3,American Eagle Airlines Inc.,2883
11,4,American Eagle Airlines Inc.,2524
11,5,American Eagle Airlines Inc.,2789
11,6,American Eagle Airlines Inc.,2180
11,7,American Eagle Airlines Inc.,3495
12,1,American Eagle Airlines Inc.,2846
12,2,American Eagle Airlines Inc.,3494
12,3,American Eagle Airlines Inc.,3524
12,4,American Eagle Airlines Inc.,3476
12,5,American Eagle Airlines Inc.,2748
12,6,American Eagle Airlines Inc.,2175
12,7,American Eagle Airlines Inc.,2730
1,1,Atlantic Southeast Airlines,7028
1,2,Atlantic Southeast Airlines,6694
1,3,Atlantic Southeast Airlines,6744
1,4,Atlantic Southeast Airlines,8267
1,5,Atlantic Southeast Airlines,8800
1,6,Atlantic Southeast Airlines,6085
1,7,Atlantic Southeast Airlines,6307
2,1,Atlantic Southeast Airlines,6977
2,2,Atlantic Southeast Airlines,6753
2,3,Atlantic Southeast Airlines,6826
2,4,Atlantic Southeast Airlines,7038
2,5,Atlantic Southeast Airlines,7071
2,6,Atlantic Southeast Airlines,4685
2,7,Atlantic Southeast Airlines,5788
3,1,Atlantic Southeast Airlines,9173
3,2,Atlantic Southeast Airlines,8632
3,3,Atlantic Southeast Airlines,7216
3,4,Atlantic Southeast Airlines,7394
3,5,Atlantic Southeast Airlines,7408
3,6,Atlantic Southeast Airlines,5934
3,7,Atlantic Southeast Airlines,8433
4,1,Atlantic Southeast Airlines,7004
4,2,Atlantic Southeast Airlines,6558
4,3,Atlantic Southeast Airlines,8621
4,4,Atlantic Southeast Airlines,8754
4,5,Atlantic Southeast Airlines,7025
4,6,Atlantic Southeast Airlines,4971
4,7,Atlantic Southeast Airlines,6363
5,1,Atlantic Southeast Airlines,6728
5,2,Atlantic Southeast Airlines,6712
5,3,Atlantic Southeast Airlines,6793
5,4,Atlantic Southeast Airlines,7036
5,5,Atlantic Southeast Airlines,8762
5,6,Atlantic Southeast Airlines,5871
5,7,Atlantic Southeast Airlines,7311
6,1,Atlantic Southeast Airlines,8549
6,2,Atlantic Southeast Airlines,8195
6,3,Atlantic Southeast Airlines,6692
6,4,Atlantic Southeast Airlines,6874
6,5,Atlantic Southeast Airlines,6893
6,6,Atlantic Southeast Airlines,5370
6,7,Atlantic Southeast Airlines,6546
7,1,Atlantic Southeast Airlines,6908
7,2,Atlantic Southeast Airlines,6741
7,3,Atlantic Southeast Airlines,8262
7,4,Atlantic Southeast Airlines,8601
7,5,Atlantic Southeast Airlines,8067
7,6,Atlantic Southeast Airlines,5252
7,7,Atlantic Southeast Airlines,6550
8,1,Atlantic Southeast Airlines,8275
8,2,Atlantic Southeast Airlines,6352
8,3,Atlantic Southeast Airlines,6361
8,4,Atlantic Southeast Airlines,6610
8,5,Atlantic Southeast Airlines,6629
8,6,Atlantic Southeast Airlines,6441
8,7,Atlantic Southeast Airlines,7886
9,1,Atlantic Southeast Airlines,6321
9,2,Atlantic Southeast Airlines,7613
9,3,Atlantic Southeast Airlines,7560
9,4,Atlantic Southeast Airlines,6258
9,5,Atlantic Southeast Airlines,6330
9,6,Atlantic Southeast Airlines,4216
9,7,Atlantic Southeast Airlines,5423
10,1,Atlantic Southeast Airlines,6423
10,2,Atlantic Southeast Airlines,5979
10,3,Atlantic Southeast Airlines,6193
10,4,Atlantic Southeast Airlines,8033
10,5,Atlantic Southeast Airlines,7997
10,6,Atlantic Southeast Airlines,5228
10,7,Atlantic Southeast Airlines,5875
11,1,Atlantic Southeast Airlines,7423
11,2,Atlantic Southeast Airlines,5848
11,3,Atlantic Southeast Airlines,6162
11,4,Atlantic Southeast Airlines,5489
11,5,Atlantic Southeast Airlines,5706
11,6,Atlantic Southeast Airlines,4658
11,7,Atlantic Southeast Airlines,7286
12,1,Atlantic Southeast Airlines,6170
12,2,Atlantic Southeast Airlines,7464
12,3,Atlantic Southeast Airlines,7571
12,4,Atlantic Southeast Airlines,6772
12,5,Atlantic Southeast Airlines,5611
12,6,Atlantic Southeast Airlines,4773
12,7,Atlantic Southeast Airlines,5779
1,1,Delta Air Lines Inc.,9073
1,2,Delta Air Lines Inc.,8297
1,3,Delta Air Lines Inc.,8573
1,4,Delta Air Lines Inc.,10673
1,5,Delta Air Lines Inc.,11376
1,6,Delta Air Lines Inc.,8179
1,7,Delta Air Lines Inc.,8250
2,1,Delta Air Lines Inc.,9376
2,2,Delta Air Lines Inc.,8891
2,3,Delta Air Lines Inc.,9051
2,4,Delta Air Lines Inc.,9401
2,5,Delta Air Lines Inc.,9514
2,6,Delta Air Lines Inc.,6646
2,7,Delta Air Lines Inc.,8005
3,1,Delta Air Lines Inc.,12430
3,2,Delta Air Lines Inc.,12197
3,3,Delta Air Lines Inc.,9845
3,4,Delta Air Lines Inc.,9957
3,5,Delta Air Lines Inc.,10004
3,6,Delta Air Lines Inc.,7931
3,7,Delta Air Lines Inc.,11802
4,1,Delta Air Lines Inc.,10094
4,2,Delta Air Lines Inc.,9923
4,3,Delta Air Lines Inc.,12486
4,4,Delta Air Lines Inc.,12646
4,5,Delta Air Lines Inc.,10028
4,6,Delta Air Lines Inc.,7603
4,7,Delta Air Lines Inc.,9390
5,1,Delta Air Lines Inc.,10099
5,2,Delta Air Lines Inc.,10066
5,3,Delta Air Lines Inc.,10167
5,4,Delta Air Lines Inc.,10343
5,5,Delta Air Lines Inc.,12941
5,6,Delta Air Lines Inc.,9558
5,7,Delta Air Lines Inc.,11641
6,1,Delta Air Lines Inc.,13230
6,2,Delta Air Lines Inc.,12963
6,3,Delta Air Lines Inc.,10612
6,4,Delta Air Lines Inc.,10813
6,5,Delta Air Lines Inc.,10855
6,6,Delta Air Lines Inc.,8490
6,7,Delta Air Lines Inc.,10292
7,1,Delta Air Lines Inc.,10962
7,2,Delta Air Lines Inc.,10819
7,3,Delta Air Lines Inc.,13495
7,4,Delta Air Lines Inc.,13685
7,5,Delta Air Lines Inc.,12946
7,6,Delta Air Lines Inc.,8223
7,7,Delta Air Lines Inc.,10611
8,1,Delta Air Lines Inc.,13726
8,2,Delta Air Lines Inc.,10844
8,3,Delta Air Lines Inc.,10888
8,4,Delta Air Lines Inc.,10982
8,5,Delta Air Lines Inc.,11002
8,6,Delta Air Lines Inc.,10399
8,7,Delta Air Lines Inc.,13106
9,1,Delta Air Lines Inc.,10095
9,2,Delta Air Lines Inc.,12552
9,3,Delta Air Lines Inc.,12458
9,4,Delta Air Lines Inc.,10181
9,5,Delta Air Lines Inc.,10151
9,6,Delta Air Lines Inc.,7233
9,7,Delta Air Lines Inc.,9393
10,1,Delta Air Lines Inc.,10472
10,2,Delta Air Lines Inc.,9983
10,3,Delta Air Lines Inc.,10070
10,4,Delta Air Lines Inc.,13045
10,5,Delta Air Lines Inc.,12801
10,6,Delta Air Lines Inc.,9233
10,7,Delta Air Lines Inc.,9948
11,1,Delta Air Lines Inc.,12562
11,2,Delta Air Lines Inc.,9978
11,3,Delta Air Lines Inc.,10337
11,4,Delta Air Lines Inc.,9343
11,5,Delta Air Lines Inc.,9564
11,6,Delta Air Lines Inc.,8122
11,7,Delta Air Lines Inc.,12322
12,1,Delta Air Lines Inc.,9563
12,2,Delta Air Lines Inc.,11899
12,3,Delta Air Lines Inc.,11961
12,4,Delta Air Lines Inc.,10995
12,5,Delta Air Lines Inc.,9052
12,6,Delta Air Lines Inc.,7748
12,7,Delta Air Lines Inc.,9421
1,1,Frontier Airlines Inc.,966
1,2,Frontier Airlines Inc.,871
1,3,Frontier Airlines Inc.,899
1,4,Frontier Airlines Inc.,1158
1,5,Frontier Airlines Inc.,1170
1,6,Frontier Airlines Inc.,853
1,7,Frontier Airlines Inc.,912
2,1,Frontier Airlines Inc.,900
2,2,Frontier Airlines Inc.,792
2,3,Frontier Airlines Inc.,852
2,4,Frontier Airlines Inc.,877
2,5,Frontier Airlines Inc.,898
2,6,Frontier Airlines Inc.,600
2,7,Frontier Airlines Inc.,890
3,1,Frontier Airlines Inc.,1183
3,2,Frontier Airlines Inc.,1148
3,3,Frontier Airlines Inc.,913
3,4,Frontier Airlines Inc.,932
3,5,Frontier Airlines Inc.,951
3,6,Frontier Airlines Inc.,693
3,7,Frontier Airlines Inc.,1130
4,1,Frontier Airlines Inc.,976
4,2,Frontier Airlines Inc.,966
4,3,Frontier Airlines Inc.,1215
4,4,Frontier Airlines Inc.,1233
4,5,Frontier Airlines Inc.,996
4,6,Frontier Airlines Inc.,809
4,7,Frontier Airlines Inc.,953
5,1,Frontier Airlines Inc.,1058
5,2,Frontier Airlines Inc.,1068
5,3,Frontier Airlines Inc.,1065
5,4,Frontier Airlines Inc.,1064
5,5,Frontier Airlines Inc.,1322
5,6,Frontier Airlines Inc.,1243
5,7,Frontier Airlines Inc.,1298
6,1,Frontier Airlines Inc.,1320
6,2,Frontier Airlines Inc.,1330
6,3,Frontier Airlines Inc.,1039
6,4,Frontier Airlines Inc.,1079
6,5,Frontier Airlines Inc.,1048
6,6,Frontier Airlines Inc.,1007
6,7,Frontier Airlines Inc.,1070
7,1,Frontier Airlines Inc.,1049
7,2,Frontier Airlines Inc.,1053
7,3,Frontier Airlines Inc.,1276
7,4,Frontier Airlines Inc.,1340
7,5,Frontier Airlines Inc.,1322
7,6,Frontier Airlines Inc.,996
7,7,Frontier Airlines Inc.,1054
8,1,Frontier Airlines Inc.,1314
8,2,Frontier Airlines Inc.,1064
8,3,Frontier Airlines Inc.,1044
8,4,Frontier Airlines Inc.,1064
8,5,Frontier Airlines Inc.,1062
8,6,Frontier Airlines Inc.,1272
8,7,Frontier Airlines Inc.,1322
9,1,Frontier Airlines Inc.,1064
9,2,Frontier Airlines Inc.,1318
9,3,Frontier Airlines Inc.,1303
9,4,Frontier Airlines Inc.,1058
9,5,Frontier Airlines Inc.,1059
9,6,Frontier Airlines Inc.,1030
9,7,Frontier Airlines Inc.,1041
10,1,Frontier Airlines Inc.,1057
10,2,Frontier Airlines Inc.,1057
10,3,Frontier Airlines Inc.,1038
10,4,Frontier Airlines Inc.,1314
10,5,Frontier Airlines Inc.,1329
10,6,Frontier Airlines Inc.,1263
10,7,Frontier Airlines Inc.,1043
11,1,Frontier Airlines Inc.,1280
11,2,Frontier Airlines Inc.,1027
11,3,Frontier Airlines Inc.,1048
11,4,Frontier Airlines Inc.,1029
11,5,Frontier Airlines Inc.,1049
11,6,Frontier Airlines Inc.,1048
11,7,Frontier Airlines Inc.,1282
12,1,Frontier Airlines Inc.,1061
12,2,Frontier Airlines Inc.,1297
12,3,Frontier Airlines Inc.,1323
12,4,Frontier Airlines Inc.,1276
12,5,Frontier Airlines Inc.,1036
12,6,Frontier Airlines Inc.,1064
12,7,Frontier Airlines Inc.,1063
1,1,Hawaiian Airlines Inc.,833
1,2,Hawaiian Airlines Inc.,806
1,3,Hawaiian Airlines Inc.,825
1,4,Hawaiian Airlines Inc.,1041
1,5,Hawaiian Airlines Inc.,1112
1,6,Hawaiian Airlines Inc.,1003
1,7,Hawaiian Airlines Inc.,820
2,1,Hawaiian Airlines Inc.,828
2,2,Hawaiian Airlines Inc.,800
2,3,Hawaiian Airlines Inc.,820
2,4,Hawaiian Airlines Inc.,830
2,5,Hawaiian Airlines Inc.,888
2,6,Hawaiian Airlines Inc.,797
2,7,Hawaiian Airlines Inc.,816
3,1,Hawaiian Airlines Inc.,1019
3,2,Hawaiian Airlines Inc.,984
3,3,Hawaiian Airlines Inc.,808
3,4,Hawaiian Airlines Inc.,820
3,5,Hawaiian Airlines Inc.,882
3,6,Hawaiian Airlines Inc.,788
3,7,Hawaiian Airlines Inc.,1012
4,1,Hawaiian Airlines Inc.,812
4,2,Hawaiian Airlines Inc.,784
4,3,Hawaiian Airlines Inc.,1005
4,4,Hawaiian Airlines Inc.,1020
4,5,Hawaiian Airlines Inc.,880
4,6,Hawaiian Airlines Inc.,784
4,7,Hawaiian Airlines Inc.,808
5,1,Hawaiian Airlines Inc.,818
5,2,Hawaiian Airlines Inc.,802
5,3,Hawaiian Airlines Inc.,822
5,4,Hawaiian Airlines Inc.,834
5,5,Hawaiian Airlines Inc.,1120
5,6,Hawaiian Airlines Inc.,1004
5,7,Hawaiian Airlines Inc.,1034
6,1,Hawaiian Airlines Inc.,1104
6,2,Hawaiian Airlines Inc.,1072
6,3,Hawaiian Airlines Inc.,878
6,4,Hawaiian Airlines Inc.,885
6,5,Hawaiian Airlines Inc.,958
6,6,Hawaiian Airlines Inc.,878
6,7,Hawaiian Airlines Inc.,902
7,1,Hawaiian Airlines Inc.,888
7,2,Hawaiian Airlines Inc.,864
7,3,Hawaiian Airlines Inc.,1110
7,4,Hawaiian Airlines Inc.,1110
7,5,Hawaiian Airlines Inc.,1199
7,6,Hawaiian Airlines Inc.,880
7,7,Hawaiian Airlines Inc.,904
8,1,Hawaiian Airlines Inc.,1108
8,2,Hawaiian Airlines Inc.,863
8,3,Hawaiian Airlines Inc.,882
8,4,Hawaiian Airlines Inc.,886
8,5,Hawaiian Airlines Inc.,958
8,6,Hawaiian Airlines Inc.,1084
8,7,Hawaiian Airlines Inc.,1120
9,1,Hawaiian Airlines Inc.,819
9,2,Hawaiian Airlines Inc.,998
9,3,Hawaiian Airlines Inc.,1027
9,4,Hawaiian Airlines Inc.,816
9,5,Hawaiian Airlines Inc.,883
9,6,Hawaiian Airlines Inc.,793
9,7,Hawaiian Airlines Inc.,818
10,1,Hawaiian Airlines Inc.,799
10,2,Hawaiian Airlines Inc.,778
10,3,Hawaiian Airlines Inc.,808
10,4,Hawaiian Airlines Inc.,1000
10,5,Hawaiian Airlines Inc.,1079
10,6,Hawaiian Airlines Inc.,962
10,7,Hawaiian Airlines Inc.,816
11,1,Hawaiian Airlines Inc.,1004
11,2,Hawaiian Airlines Inc.,782
11,3,Hawaiian Airlines Inc.,804
11,4,Hawaiian Airlines Inc.,788
11,5,Hawaiian Airlines Inc.,846
11,6,Hawaiian Airlines Inc.,789
11,7,Hawaiian Airlines Inc.,1011
12,1,Hawaiian Airlines Inc.,809
12,2,Hawaiian Airlines Inc.,983
12,3,Hawaiian Airlines Inc.,1007
12,4,Hawaiian Airlines Inc.,1001
12,5,Hawaiian Airlines Inc.,857
12,6,Hawaiian Airlines Inc.,797
12,7,Hawaiian Airlines Inc.,806
1,1,JetBlue Airways,2893
1,2,JetBlue Airways,2702
1,3,JetBlue Airways,2702
1,4,JetBlue Airways,3618
1,5,JetBlue Airways,3622
1,6,JetBlue Airways,3227
1,7,JetBlue Airways,2859
2,1,JetBlue Airways,2901
2,2,JetBlue Airways,2761
2,3,JetBlue Airways,2770
2,4,JetBlue Airways,2915
2,5,JetBlue Airways,2923
2,6,JetBlue Airways,2613
2,7,JetBlue Airways,2868
3,1,JetBlue Airways,3722
3,2,JetBlue Airways,3635
3,3,JetBlue Airways,2901
3,4,JetBlue Airways,2978
3,5,JetBlue Airways,2974
3,6,JetBlue Airways,2652
3,7,JetBlue Airways,3728
4,1,JetBlue Airways,2992
4,2,JetBlue Airways,2923
4,3,JetBlue Airways,3653
4,4,JetBlue Airways,3733
4,5,JetBlue Airways,2995
4,6,JetBlue Airways,2722
4,7,JetBlue Airways,3002
5,1,JetBlue Airways,2953
5,2,JetBlue Airways,2923
5,3,JetBlue Airways,2922
5,4,JetBlue Airways,2967
5,5,JetBlue Airways,3708
5,6,JetBlue Airways,3412
5,7,JetBlue Airways,3680
6,1,JetBlue Airways,3805
6,2,JetBlue Airways,3741
6,3,JetBlue Airways,2973
6,4,JetBlue Airways,3056
6,5,JetBlue Airways,3066
6,6,JetBlue Airways,2860
6,7,JetBlue Airways,3057
7,1,JetBlue Airways,3143
7,2,JetBlue Airways,3079
7,3,JetBlue Airways,3844
7,4,JetBlue Airways,3932
7,5,JetBlue Airways,3916
7,6,JetBlue Airways,2978
7,7,JetBlue Airways,3137
8,1,JetBlue Airways,3899
8,2,JetBlue Airways,3059
8,3,JetBlue Airways,3052
8,4,JetBlue Airways,3119
8,5,JetBlue Airways,3106
8,6,JetBlue Airways,3697
8,7,JetBlue Airways,3894
9,1,JetBlue Airways,2891
9,2,JetBlue Airways,3496
9,3,JetBlue Airways,3478
9,4,JetBlue Airways,2897
9,5,JetBlue Airways,2900
9,6,JetBlue Airways,2595
9,7,JetBlue Airways,2876
10,1,JetBlue Airways,2902
10,2,JetBlue Airways,2814
10,3,JetBlue Airways,2806
10,4,JetBlue Airways,3608
10,5,JetBlue Airways,3607
10,6,JetBlue Airways,3281
10,7,JetBlue Airways,2895
11,1,JetBlue Airways,3726
11,2,JetBlue Airways,2857
11,3,JetBlue Airways,2883
11,4,JetBlue Airways,2837
11,5,JetBlue Airways,2948
11,6,JetBlue Airways,2732
11,7,JetBlue Airways,3714
12,1,JetBlue Airways,3075
12,2,JetBlue Airways,3763
12,3,JetBlue Airways,3765
12,4,JetBlue Airways,3810
12,5,JetBlue Airways,3036
12,6,JetBlue Airways,2862
12,7,JetBlue Airways,3032
1,1,Skywest Airlines Inc.,6603
1,2,Skywest Airlines Inc.,6082
1,3,Skywest Airlines Inc.,6226
1,4,Skywest Airlines Inc.,7964
1,5,Skywest Airlines Inc.,8269
1,6,Skywest Airlines Inc.,6703
1,7,Skywest Airlines Inc.,6267
2,1,Skywest Airlines Inc.,6607
2,2,Skywest Airlines Inc.,6291
2,3,Skywest Airlines Inc.,6477
2,4,Skywest Airlines Inc.,6663
2,5,Skywest Airlines Inc.,6670
2,6,Skywest Airlines Inc.,5236
2,7,Skywest Airlines Inc.,6045
3,1,Skywest Airlines Inc.,8330
3,2,Skywest Airlines Inc.,7911
3,3,Skywest Airlines Inc.,6553
3,4,Skywest Airlines Inc.,6650
3,5,Skywest Airlines Inc.,6664
3,6,Skywest Airlines Inc.,5777
3,7,Skywest Airlines Inc.,8193
4,1,Skywest Airlines Inc.,6858
4,2,Skywest Airlines Inc.,6536
4,3,Skywest Airlines Inc.,8494
4,4,Skywest Airlines Inc.,8591
4,5,Skywest Airlines Inc.,6845
4,6,Skywest Airlines Inc.,5474
4,7,Skywest Airlines Inc.,6531
5,1,Skywest Airlines Inc.,6755
5,2,Skywest Airlines Inc.,6610
5,3,Skywest Airlines Inc.,6665
5,4,Skywest Airlines Inc.,6797
5,5,Skywest Airlines Inc.,8528
5,6,Skywest Airlines Inc.,6680
5,7,Skywest Airlines Inc.,7829
6,1,Skywest Airlines Inc.,8576
6,2,Skywest Airlines Inc.,8304
6,3,Skywest Airlines Inc.,6800
6,4,Skywest Airlines Inc.,6978
6,5,Skywest Airlines Inc.,6984
6,6,Skywest Airlines Inc.,5951
6,7,Skywest Airlines Inc.,6714
7,1,Skywest Airlines Inc.,6965
7,2,Skywest Airlines Inc.,6915
7,3,Skywest Airlines Inc.,8736
7,4,Skywest Airlines Inc.,8777
7,5,Skywest Airlines Inc.,8356
7,6,Skywest Airlines Inc.,5923
7,7,Skywest Airlines Inc.,6955
8,1,Skywest Airlines Inc.,8769
8,2,Skywest Airlines Inc.,6767
8,3,Skywest Airlines Inc.,6903
8,4,Skywest Airlines Inc.,7048
8,5,Skywest Airlines Inc.,7052
8,6,Skywest Airlines Inc.,7604
8,7,Skywest Airlines Inc.,8587
9,1,Skywest Airlines Inc.,6730
9,2,Skywest Airlines Inc.,8007
9,3,Skywest Airlines Inc.,8149
9,4,Skywest Airlines Inc.,6711
9,5,Skywest Airlines Inc.,6694
9,6,Skywest Airlines Inc.,5084
9,7,Skywest Airlines Inc.,6250
10,1,Skywest Airlines Inc.,6656
10,2,Skywest Airlines Inc.,6276
10,3,Skywest Airlines Inc.,6520
10,4,Skywest Airlines Inc.,8329
10,5,Skywest Airlines Inc.,8314
10,6,Skywest Airlines Inc.,6248
10,7,Skywest Airlines Inc.,6465
11,1,Skywest Airlines Inc.,8188
11,2,Skywest Airlines Inc.,6426
11,3,Skywest Airlines Inc.,6714
11,4,Skywest Airlines Inc.,6003
11,5,Skywest Airlines Inc.,6204
11,6,Skywest Airlines Inc.,5580
11,7,Skywest Airlines Inc.,8177
12,1,Skywest Airlines Inc.,6447
12,2,Skywest Airlines Inc.,7929
12,3,Skywest Airlines Inc.,7974
12,4,Skywest Airlines Inc.,7391
12,5,Skywest Airlines Inc.,6031
12,6,Skywest Airlines Inc.,5507
12,7,Skywest Airlines Inc.,6311
1,1,Southwest Airlines Co.,13594
1,2,Southwest Airlines Co.,13544
1,3,Southwest Airlines Co.,13546
1,4,Southwest Airlines Co.,16307
1,5,Southwest Airlines Co.,17019
1,6,Southwest Airlines Co.,13977
1,7,Southwest Airlines Co.,12055
2,1,Southwest Airlines Co.,13615
2,2,Southwest Airlines Co.,13602
2,3,Southwest Airlines Co.,13602
2,4,Southwest Airlines Co.,13602
2,5,Southwest Airlines Co.,13594
2,6,Southwest Airlines Co.,10741
2,7,Southwest Airlines Co.,11416
3,1,Southwest Airlines Co.,18117
3,2,Southwest Airlines Co.,18165
3,3,Southwest Airlines Co.,14461
3,4,Southwest Airlines Co.,14461
3,5,Southwest Airlines Co.,14496
3,6,Southwest Airlines Co.,12799
3,7,Southwest Airlines Co.,16746
4,1,Southwest Airlines Co.,14714
4,2,Southwest Airlines Co.,14645
4,3,Southwest Airlines Co.,18424
4,4,Southwest Airlines Co.,18424
4,5,Southwest Airlines Co.,14756
4,6,Southwest Airlines Co.,11760
4,7,Southwest Airlines Co.,13684
5,1,Southwest Airlines Co.,14410
5,2,Southwest Airlines Co.,14770
5,3,Southwest Airlines Co.,14770
5,4,Southwest Airlines Co.,14770
5,5,Southwest Airlines Co.,18459
5,6,Southwest Airlines Co.,14130
5,7,Southwest Airlines Co.,16393
6,1,Southwest Airlines Co.,18822
6,2,Southwest Airlines Co.,18826
6,3,Southwest Airlines Co.,15032
6,4,Southwest Airlines Co.,15032
6,5,Southwest Airlines Co.,15042
6,6,Southwest Airlines Co.,12695
6,7,Southwest Airlines Co.,14327
7,1,Southwest Airlines Co.,15109
7,2,Southwest Airlines Co.,15138
7,3,Southwest Airlines Co.,18932
7,4,Southwest Airlines Co.,18932
7,5,Southwest Airlines Co.,18715
7,6,Southwest Airlines Co.,12457
7,7,Southwest Airlines Co.,14367
8,1,Southwest Airlines Co.,18142
8,2,Southwest Airlines Co.,14564
8,3,Southwest Airlines Co.,14564
8,4,Southwest Airlines Co.,14564
8,5,Southwest Airlines Co.,14542
8,6,Southwest Airlines Co.,14805
8,7,Southwest Airlines Co.,16998
9,1,Southwest Airlines Co.,13794
9,2,Southwest Airlines Co.,17750
9,3,Southwest Airlines Co.,17750
9,4,Southwest Airlines Co.,14214
9,5,Southwest Airlines Co.,14084
9,6,Southwest Airlines Co.,10481
9,7,Southwest Airlines Co.,12572
10,1,Southwest Airlines Co.,14194
10,2,Southwest Airlines Co.,14186
10,3,Southwest Airlines Co.,14186
10,4,Southwest Airlines Co.,17736
10,5,Southwest Airlines Co.,17634
10,6,Southwest Airlines Co.,13299
10,7,Southwest Airlines Co.,13281
11,1,Southwest Airlines Co.,18259
11,2,Southwest Airlines Co.,14621
11,3,Southwest Airlines Co.,14633
11,4,Southwest Airlines Co.,13117
11,5,Southwest Airlines Co.,13749
11,6,Southwest Airlines Co.,12293
11,7,Southwest Airlines Co.,17373
12,1,Southwest Airlines Co.,14458
12,2,Southwest Airlines Co.,18196
12,3,Southwest Airlines Co.,18343
12,4,Southwest Airlines Co.,16635
12,5,Southwest Airlines Co.,13641
12,6,Southwest Airlines Co.,12334
12,7,Southwest Airlines Co.,13869
1,1,Spirit Air Lines,1133
1,2,Spirit Air Lines,1104
1,3,Spirit Air Lines,1125
1,4,Spirit Air Lines,1409
1,5,Spirit Air Lines,1429
1,6,Spirit Air Lines,1411
1,7,Spirit Air Lines,1132
2,1,Spirit Air Lines,1153
2,2,Spirit Air Lines,1130
2,3,Spirit Air Lines,1150
2,4,Spirit Air Lines,1160
2,5,Spirit Air Lines,1181
2,6,Spirit Air Lines,1162
2,7,Spirit Air Lines,1153
3,1,Spirit Air Lines,1514
3,2,Spirit Air Lines,1483
3,3,Spirit Air Lines,1199
3,4,Spirit Air Lines,1208
3,5,Spirit Air Lines,1240
3,6,Spirit Air Lines,1225
3,7,Spirit Air Lines,1531
4,1,Spirit Air Lines,1270
4,2,Spirit Air Lines,1244
4,3,Spirit Air Lines,1567
4,4,Spirit Air Lines,1585
4,5,Spirit Air Lines,1284
4,6,Spirit Air Lines,1274
4,7,Spirit Air Lines,1272
5,1,Spirit Air Lines,1300
5,2,Spirit Air Lines,1284
5,3,Spirit Air Lines,1300
5,4,Spirit Air Lines,1291
5,5,Spirit Air Lines,1632
5,6,Spirit Air Lines,1626
5,7,Spirit Air Lines,1618
6,1,Spirit Air Lines,1642
6,2,Spirit Air Lines,1622
6,3,Spirit Air Lines,1311
6,4,Spirit Air Lines,1304
6,5,Spirit Air Lines,1322
6,6,Spirit Air Lines,1316
6,7,Spirit Air Lines,1309
7,1,Spirit Air Lines,1340
7,2,Spirit Air Lines,1324
7,3,Spirit Air Lines,1672
7,4,Spirit Air Lines,1662
7,5,Spirit Air Lines,1681
7,6,Spirit Air Lines,1340
7,7,Spirit Air Lines,1332
8,1,Spirit Air Lines,1688
8,2,Spirit Air Lines,1332
8,3,Spirit Air Lines,1348
8,4,Spirit Air Lines,1340
8,5,Spirit Air Lines,1356
8,6,Spirit Air Lines,1690
8,7,Spirit Air Lines,1678
9,1,Spirit Air Lines,1330
9,2,Spirit Air Lines,1614
9,3,Spirit Air Lines,1604
9,4,Spirit Air Lines,1334
9,5,Spirit Air Lines,1361
9,6,Spirit Air Lines,1350
9,7,Spirit Air Lines,1355
10,1,Spirit Air Lines,1320
10,2,Spirit Air Lines,1256
10,3,Spirit Air Lines,1236
10,4,Spirit Air Lines,1660
10,5,Spirit Air Lines,1700
10,6,Spirit Air Lines,1680
10,7,Spirit Air Lines,1356
11,1,Spirit Air Lines,1700
11,2,Spirit Air Lines,1310
11,3,Spirit Air Lines,1314
11,4,Spirit Air Lines,1361
11,5,Spirit Air Lines,1393
11,6,Spirit Air Lines,1372
11,7,Spirit Air Lines,1714
12,1,Spirit Air Lines,1404
12,2,Spirit Air Lines,1656
12,3,Spirit Air Lines,1667
12,4,Spirit Air Lines,1740
12,5,Spirit Air Lines,1412
12,6,Spirit Air Lines,1398
12,7,Spirit Air Lines,1394
1,1,US Airways Inc.,4385
1,2,US Airways Inc.,3991
1,3,US Airways Inc.,4567
1,4,US Airways Inc.,5716
1,5,US Airways Inc.,5858
1,6,US Airways Inc.,4671
1,7,US Airways Inc.,4301
2,1,US Airways Inc.,4436
2,2,US Airways Inc.,4216
2,3,US Airways Inc.,4496
2,4,US Airways Inc.,4644
2,5,US Airways Inc.,4626
2,6,US Airways Inc.,3629
2,7,US Airways Inc.,4106
3,1,US Airways Inc.,5681
3,2,US Airways Inc.,5574
3,3,US Airways Inc.,4490
3,4,US Airways Inc.,4739
3,5,US Airways Inc.,4750
3,6,US Airways Inc.,3851
3,7,US Airways Inc.,5431
4,1,US Airways Inc.,4487
4,2,US Airways Inc.,4388
4,3,US Airways Inc.,5548
4,4,US Airways Inc.,5617
4,5,US Airways Inc.,4510
4,6,US Airways Inc.,3638
4,7,US Airways Inc.,4308
5,1,US Airways Inc.,4523
5,2,US Airways Inc.,4475
5,3,US Airways Inc.,4545
5,4,US Airways Inc.,4652
5,5,US Airways Inc.,5748
5,6,US Airways Inc.,4620
5,7,US Airways Inc.,5198
6,1,US Airways Inc.,5879
6,2,US Airways Inc.,5852
6,3,US Airways Inc.,4663
6,4,US Airways Inc.,4792
6,5,US Airways Inc.,4754
6,6,US Airways Inc.,3980
6,7,US Airways Inc.,4380
1,1,United Air Lines Inc.,5374
1,2,United Air Lines Inc.,5045
1,3,United Air Lines Inc.,5021
1,4,United Air Lines Inc.,6658
1,5,United Air Lines Inc.,6797
1,6,United Air Lines Inc.,4809
1,7,United Air Lines Inc.,4691
2,1,United Air Lines Inc.,5499
2,2,United Air Lines Inc.,5247
2,3,United Air Lines Inc.,5374
2,4,United Air Lines Inc.,5723
2,5,United Air Lines Inc.,5704
2,6,United Air Lines Inc.,3991
2,7,United Air Lines Inc.,4697
3,1,United Air Lines Inc.,7475
3,2,United Air Lines Inc.,7027
3,3,United Air Lines Inc.,5889
3,4,United Air Lines Inc.,6072
3,5,United Air Lines Inc.,5977
3,6,United Air Lines Inc.,4582
3,7,United Air Lines Inc.,6581
4,1,United Air Lines Inc.,5871
4,2,United Air Lines Inc.,5443
4,3,United Air Lines Inc.,7223
4,4,United Air Lines Inc.,7367
4,5,United Air Lines Inc.,5896
4,6,United Air Lines Inc.,4337
4,7,United Air Lines Inc.,5205
5,1,United Air Lines Inc.,6032
5,2,United Air Lines Inc.,6012
5,3,United Air Lines Inc.,6135
5,4,United Air Lines Inc.,6203
5,5,United Air Lines Inc.,7730
5,6,United Air Lines Inc.,5599
5,7,United Air Lines Inc.,6700
6,1,United Air Lines Inc.,7980
6,2,United Air Lines Inc.,7904
6,3,United Air Lines Inc.,6374
6,4,United Air Lines Inc.,6440
6,5,United Air Lines Inc.,6423
6,6,United Air Lines Inc.,5032
6,7,United Air Lines Inc.,5931
7,1,United Air Lines Inc.,6354
7,2,United Air Lines Inc.,6332
7,3,United Air Lines Inc.,7810
7,4,United Air Lines Inc.,7945
7,5,United Air Lines Inc.,7479
7,6,United Air Lines Inc.,4733
7,7,United Air Lines Inc.,5825
8,1,United Air Lines Inc.,7847
8,2,United Air Lines Inc.,6047
8,3,United Air Lines Inc.,6038
8,4,United Air Lines Inc.,6228
8,5,United Air Lines Inc.,6227
8,6,United Air Lines Inc.,5850
8,7,United Air Lines Inc.,7176
9,1,United Air Lines Inc.,6093
9,2,United Air Lines Inc.,7075
9,3,United Air Lines Inc.,7197
9,4,United Air Lines Inc.,6013
9,5,United Air Lines Inc.,6067
9,6,United Air Lines Inc.,4042
9,7,United Air Lines Inc.,5291
10,1,United Air Lines Inc.,6380
10,2,United Air Lines Inc.,5858
10,3,United Air Lines Inc.,6212
10,4,United Air Lines Inc.,8013
10,5,United Air Lines Inc.,7946
10,6,United Air Lines Inc.,5487
10,7,United Air Lines Inc.,5998
11,1,United Air Lines Inc.,7536
11,2,United Air Lines Inc.,5682
11,3,United Air Lines Inc.,6064
11,4,United Air Lines Inc.,5657
11,5,United Air Lines Inc.,5752
11,6,United Air Lines Inc.,4554
11,7,United Air Lines Inc.,7402
12,1,United Air Lines Inc.,6108
12,2,United Air Lines Inc.,7273
12,3,United Air Lines Inc.,7381
12,4,United Air Lines Inc.,6807
12,5,United Air Lines Inc.,5636
12,6,United Air Lines Inc.,4659
12,7,United Air Lines Inc.,5579
1,1,Virgin America,656
1,2,Virgin America,587
1,3,Virgin America,604
1,4,Virgin America,805
1,5,Virgin America,844
1,6,Virgin America,596
1,7,Virgin America,639
2,1,Virgin America,644
2,2,Virgin America,587
2,3,Virgin America,612
2,4,Virgin America,658
2,5,Virgin America,672
2,6,Virgin America,439
2,7,Virgin America,611
3,1,Virgin America,836
3,2,Virgin America,783
3,3,Virgin America,642
3,4,Virgin America,680
3,5,Virgin America,689
3,6,Virgin America,455
3,7,Virgin America,788
4,1,Virgin America,692
4,2,Virgin America,677
4,3,Virgin America,849
4,4,Virgin America,887
4,5,Virgin America,698
4,6,Virgin America,470
4,7,Virgin America,642
5,1,Virgin America,716
5,2,Virgin America,706
5,3,Virgin America,698
5,4,Virgin America,733
5,5,Virgin America,917
5,6,Virgin America,664
5,7,Virgin America,802
6,1,Virgin America,906
6,2,Virgin America,901
6,3,Virgin America,710
6,4,Virgin America,732
6,5,Virgin America,742
6,6,Virgin America,600
6,7,Virgin America,669
7,1,Virgin America,728
7,2,Virgin America,728
7,3,Virgin America,900
7,4,Virgin America,920
7,5,Virgin America,893
7,6,Virgin America,571
7,7,Virgin America,671
8,1,Virgin America,952
8,2,Virgin America,766
8,3,Virgin America,768
8,4,Virgin America,774
8,5,Virgin America,780
8,6,Virgin America,786
8,7,Virgin America,862
9,1,Virgin America,710
9,2,Virgin America,885
9,3,Virgin America,895
9,4,Virgin America,730
9,5,Virgin America,741
9,6,Virgin America,545
9,7,Virgin America,648
10,1,Virgin America,744
10,2,Virgin America,720
10,3,Virgin America,728
10,4,Virgin America,931
10,5,Virgin America,939
10,6,Virgin America,706
10,7,Virgin America,696
11,1,Virgin America,946
11,2,Virgin America,741
11,3,Virgin America,747
11,4,Virgin America,696
11,5,Virgin America,729
11,6,Virgin America,644
11,7,Virgin America,911
12,1,Virgin America,756
12,2,Virgin America,909
12,3,Virgin America,918
12,4,Virgin America,865
12,5,Virgin America,736
12,6,Virgin America,622
12,7,Virgin America,728
